"student_id";"firstname";"last_name1";"last_name2";"email";"phone"
"3614935074";"Timothy";"Bosco";"Bosco";"Timothy.Bosco65@gmail.com";"+506 8274 9768"
"7287493742";"Mark";"Kshlerin";"Kshlerin";"Mark27@yahoo.com";"+506 6427 6251"
"0954190139";"Sherri";"Bartoletti";"Bartoletti";"Sherri_Bartoletti@hotmail.com";"+506 2030 2906"
"8195495772";"Enrique";"Stark";"Stark";"Enrique90@gmail.com";"+506 4939 2326"
"3203185869";"Norman";"Howell";"Howell";"Norman_Howell@gmail.com";"+506 5550 6081"
"5744438543";"Morris";"Sauer-Hettinger";"Sauer-Hettinger";"Morris42@yahoo.com";"+506 7746 3650"
"2453696642";"Monica";"Johnson";"Johnson";"Monica.Johnson@gmail.com";"+506 2477 2959"
"6997914582";"Randolph";"Gislason";"Gislason";"Randolph_Gislason86@hotmail.com";"+506 5260 0891"
"5099953985";"Jeanne";"Spinka";"Spinka";"Jeanne_Spinka@gmail.com";"+506 4197 6947"
"2487836727";"Diana";"Quigley";"Quigley";"Diana53@hotmail.com";"+506 0333 8675"
"0982857990";"Janie";"Barton";"Barton";"Janie_Barton@yahoo.com";"+506 5376 8274"
"6285201244";"Philip";"Sanford";"Sanford";"Philip52@yahoo.com";"+506 5585 4358"
"1440138526";"Louise";"O'Hara";"O'Hara";"Louise3@yahoo.com";"+506 8891 4255"
"6211018842";"Maggie";"Kuphal";"Kuphal";"Maggie74@hotmail.com";"+506 4426 7122"
"9810888596";"Edgar";"Crooks";"Crooks";"Edgar50@yahoo.com";"+506 5658 1148"
"6073170580";"Van";"Blanda";"Blanda";"Van21@yahoo.com";"+506 2193 6472"
"8359699279";"Dominick";"Altenwerth";"Altenwerth";"Dominick_Altenwerth10@hotmail.com";"+506 0170 8430"
"3941080343";"Laura";"Weissnat";"Weissnat";"Laura7@gmail.com";"+506 5415 7778"
"8125469329";"Robin";"Reilly-Sipes";"Reilly-Sipes";"Robin_Reilly-Sipes59@gmail.com";"+506 5928 9901"
"2085259568";"Latoya";"Bechtelar";"Bechtelar";"Latoya88@yahoo.com";"+506 3486 9306"
"9973182455";"Raquel";"Bailey";"Bailey";"Raquel.Bailey72@hotmail.com";"+506 0344 1170"
"5770442182";"Peter";"Schultz";"Schultz";"Peter.Schultz94@gmail.com";"+506 5753 1354"
"6560624276";"Stuart";"McDermott";"McDermott";"Stuart_McDermott55@gmail.com";"+506 9849 0834"
"2744855597";"Erick";"Ratke";"Ratke";"Erick.Ratke3@yahoo.com";"+506 1772 1195"
"1332518568";"Pamela";"Stiedemann";"Stiedemann";"Pamela_Stiedemann@hotmail.com";"+506 0861 0000"
"5755430469";"Hazel";"Jerde";"Jerde";"Hazel_Jerde@yahoo.com";"+506 8223 8641"
"4777597503";"Dianne";"Harvey";"Harvey";"Dianne_Harvey@yahoo.com";"+506 6262 1820"
"7540021601";"Nancy";"Jaskolski";"Jaskolski";"Nancy_Jaskolski@yahoo.com";"+506 6922 8393"
"5197558653";"Adrienne";"Bosco";"Bosco";"Adrienne_Bosco97@yahoo.com";"+506 0986 0916"
"2291505183";"Freddie";"Lockman";"Lockman";"Freddie.Lockman@hotmail.com";"+506 2555 3172"
"3036445942";"Regina";"Konopelski";"Konopelski";"Regina86@yahoo.com";"+506 3306 4305"
"1386376938";"Leticia";"Bernhard";"Bernhard";"Leticia_Bernhard@yahoo.com";"+506 8260 1654"
"2449447990";"Ian";"Medhurst";"Medhurst";"Ian.Medhurst79@hotmail.com";"+506 6785 9729"
"8462832889";"Vincent";"Leannon";"Leannon";"Vincent_Leannon12@gmail.com";"+506 4612 5096"
"3780401442";"Karla";"Sanford";"Sanford";"Karla.Sanford@gmail.com";"+506 3693 7051"
"1634339856";"Ronnie";"Carter";"Carter";"Ronnie31@gmail.com";"+506 4638 7943"
"3915566364";"Charlene";"Harber";"Harber";"Charlene41@gmail.com";"+506 4528 1851"
"3687291924";"George";"Wiegand";"Wiegand";"George_Wiegand82@hotmail.com";"+506 9475 9182"
"2815103896";"Dan";"Lueilwitz";"Lueilwitz";"Dan_Lueilwitz@yahoo.com";"+506 5129 8634"
"9775380230";"Minnie";"Gutmann";"Gutmann";"Minnie12@hotmail.com";"+506 6372 6318"
"8196640418";"Eduardo";"Robel";"Robel";"Eduardo52@gmail.com";"+506 4234 0924"
"0647387115";"Isabel";"Bosco";"Bosco";"Isabel.Bosco39@yahoo.com";"+506 7204 4092"
"8634621610";"Kristine";"Reinger";"Reinger";"Kristine39@hotmail.com";"+506 0385 9746"
"0682539702";"Timmy";"Leuschke-Greenholt";"Leuschke-Greenholt";"Timmy.Leuschke-Greenholt2@hotmail.com";"+506 4661 6651"
"5052558307";"Madeline";"Legros";"Legros";"Madeline_Legros@hotmail.com";"+506 2574 5424"
"8801428396";"Annie";"Smitham";"Smitham";"Annie_Smitham@gmail.com";"+506 2846 2814"
"5469576608";"Reginald";"Morar";"Morar";"Reginald_Morar48@hotmail.com";"+506 4899 2071"
"4128007070";"Sergio";"Altenwerth";"Altenwerth";"Sergio.Altenwerth@yahoo.com";"+506 0645 0599"
"1153514870";"Shane";"Will";"Will";"Shane_Will@gmail.com";"+506 9116 1546"
"8814326748";"Wilfred";"Goldner";"Goldner";"Wilfred3@gmail.com";"+506 4293 3960"
"0329448024";"Jessica";"Mueller";"Mueller";"Jessica.Mueller@gmail.com";"+506 7170 5172"
"8979615922";"Simon";"Friesen";"Friesen";"Simon.Friesen@hotmail.com";"+506 6213 3352"
"3672860444";"Myra";"VonRueden";"VonRueden";"Myra_VonRueden@yahoo.com";"+506 1320 0668"
"2258626995";"Toby";"Bergnaum";"Bergnaum";"Toby60@hotmail.com";"+506 8895 3641"
"8127732808";"Madeline";"Gulgowski";"Gulgowski";"Madeline66@gmail.com";"+506 8651 4654"
"5181018840";"Judy";"Weimann";"Weimann";"Judy4@gmail.com";"+506 9497 9107"
"5408957767";"Tracy";"Yundt";"Yundt";"Tracy.Yundt@gmail.com";"+506 2264 4433"
"0668635627";"Tiffany";"Boehm";"Boehm";"Tiffany93@yahoo.com";"+506 3580 2969"
"3788313616";"Stacey";"Flatley";"Flatley";"Stacey.Flatley43@gmail.com";"+506 9158 7402"
"7834922016";"Andre";"Paucek";"Paucek";"Andre_Paucek@hotmail.com";"+506 0992 6577"
"6453193899";"Rosalie";"Bosco";"Bosco";"Rosalie.Bosco51@hotmail.com";"+506 4745 1471"
"2774355027";"Lucas";"Zulauf";"Zulauf";"Lucas33@hotmail.com";"+506 4009 1261"
"2536940704";"Vicky";"Hermann";"Hermann";"Vicky_Hermann50@yahoo.com";"+506 9259 7464"
"3039775397";"Geoffrey";"Pacocha";"Pacocha";"Geoffrey3@gmail.com";"+506 6509 8149"
"0295925006";"Wilma";"Simonis";"Simonis";"Wilma.Simonis95@gmail.com";"+506 7566 4188"
"9635208439";"Sylvester";"Emmerich";"Emmerich";"Sylvester_Emmerich56@yahoo.com";"+506 3566 7826"
"5562771057";"Marta";"Doyle";"Doyle";"Marta_Doyle@yahoo.com";"+506 4567 9524"
"1496944138";"Victor";"Kling";"Kling";"Victor_Kling68@gmail.com";"+506 7147 3709"
"1754246121";"Georgia";"Walker";"Walker";"Georgia.Walker98@hotmail.com";"+506 8916 3612"
"8898327339";"Carla";"Bashirian-Sanford";"Bashirian-Sanford";"Carla59@gmail.com";"+506 9970 3807"
"5586202882";"Nellie";"Gerlach";"Gerlach";"Nellie78@yahoo.com";"+506 2385 2373"
"7190052369";"Larry";"Effertz";"Effertz";"Larry80@hotmail.com";"+506 2162 7765"
"8277436612";"Vicky";"Witting";"Witting";"Vicky_Witting36@gmail.com";"+506 3304 4929"
"3884558448";"Jason";"Kerluke";"Kerluke";"Jason_Kerluke@gmail.com";"+506 7252 1573"
"9354510192";"Allison";"Barrows";"Barrows";"Allison20@yahoo.com";"+506 1463 4259"
"0887483156";"Robert";"Ruecker";"Ruecker";"Robert59@yahoo.com";"+506 6481 3642"
"2750311720";"Dan";"Ortiz";"Ortiz";"Dan_Ortiz59@gmail.com";"+506 7884 7370"
"7047520959";"Angel";"Keeling";"Keeling";"Angel.Keeling@yahoo.com";"+506 3600 5395"
"4353511164";"Kristina";"Cole";"Cole";"Kristina13@yahoo.com";"+506 3111 1805"
"3344570098";"Maggie";"Connelly";"Connelly";"Maggie16@hotmail.com";"+506 8846 5869"
"1528744109";"Jeremy";"Thompson";"Thompson";"Jeremy.Thompson@gmail.com";"+506 7454 5122"
"9109108980";"Kelvin";"Weissnat";"Weissnat";"Kelvin.Weissnat@gmail.com";"+506 0546 5772"
"7733409335";"Raul";"Donnelly";"Donnelly";"Raul.Donnelly28@yahoo.com";"+506 0993 7210"
"2524735524";"Lana";"Reichert";"Reichert";"Lana16@hotmail.com";"+506 1143 2403"
"0879596713";"Christian";"Lueilwitz";"Lueilwitz";"Christian.Lueilwitz@hotmail.com";"+506 0996 5052"
"5062860263";"Lydia";"Dietrich";"Dietrich";"Lydia_Dietrich70@gmail.com";"+506 9470 7094"
"7332186847";"Merle";"Beahan";"Beahan";"Merle_Beahan@hotmail.com";"+506 2676 3805"
"5147262588";"Claudia";"McCullough";"McCullough";"Claudia8@yahoo.com";"+506 1230 6814"
"0115713949";"Percy";"Abernathy";"Abernathy";"Percy0@hotmail.com";"+506 5369 1751"
"8806775177";"Darren";"Haley";"Haley";"Darren13@gmail.com";"+506 8335 4079"
"8475591053";"Krystal";"Smitham";"Smitham";"Krystal_Smitham85@hotmail.com";"+506 3682 0669"
"2346033150";"Stewart";"Wintheiser";"Wintheiser";"Stewart_Wintheiser@gmail.com";"+506 9915 5606"
"3844328906";"Thelma";"Mueller-O'Connell";"Mueller-O'Connell";"Thelma.Mueller-OConnell@gmail.com";"+506 7635 6260"
"4735117397";"Emanuel";"Grady";"Grady";"Emanuel_Grady56@yahoo.com";"+506 2075 4433"
"1576494720";"Kelli";"O'Kon";"O'Kon";"Kelli.OKon80@gmail.com";"+506 7308 3777"
"4794460462";"Jeanette";"Abbott";"Abbott";"Jeanette84@yahoo.com";"+506 8683 9241"
"8487855239";"Ruth";"Gleichner";"Gleichner";"Ruth0@hotmail.com";"+506 5154 4971"
"2085793871";"Marcia";"Reilly-VonRueden";"Reilly-VonRueden";"Marcia.Reilly-VonRueden20@yahoo.com";"+506 0243 1650"
"8226105335";"Latoya";"Kunde";"Kunde";"Latoya_Kunde@yahoo.com";"+506 4544 3355"
"3558325427";"Catherine";"Lynch";"Lynch";"Catherine.Lynch39@hotmail.com";"+506 1855 9370"
"1974623718";"Archie";"Reinger";"Reinger";"Archie.Reinger@gmail.com";"+506 9529 2210"
"0639354533";"Gene";"Ledner";"Ledner";"Gene.Ledner@hotmail.com";"+506 2347 5425"
"5346217236";"Kurt";"Herzog";"Herzog";"Kurt.Herzog32@hotmail.com";"+506 9619 9299"
"9022100794";"Jeanette";"Rohan";"Rohan";"Jeanette67@yahoo.com";"+506 3162 5160"
"5295494837";"Alan";"Schumm";"Schumm";"Alan.Schumm31@yahoo.com";"+506 4301 7585"
"5256560359";"Lance";"Von";"Von";"Lance_Von@yahoo.com";"+506 0581 8091"
"9844791544";"Kent";"Fisher";"Fisher";"Kent87@hotmail.com";"+506 7045 8758"
"8039012298";"Garrett";"Pollich";"Pollich";"Garrett_Pollich65@hotmail.com";"+506 4619 4429"
"7762050317";"Arnold";"O'Connell";"O'Connell";"Arnold80@hotmail.com";"+506 1576 1333"
"4964389877";"Ora";"Fritsch";"Fritsch";"Ora_Fritsch50@gmail.com";"+506 4632 2328"
"7624595398";"Pam";"Zemlak";"Zemlak";"Pam.Zemlak@gmail.com";"+506 8771 5890"
"5375613462";"Della";"Schroeder";"Schroeder";"Della11@hotmail.com";"+506 4849 6266"
"0031822348";"Janis";"Heaney";"Heaney";"Janis.Heaney56@yahoo.com";"+506 1598 9889"
"3072125904";"Irving";"Labadie";"Labadie";"Irving_Labadie@yahoo.com";"+506 9783 3980"
"7179780977";"Neil";"Luettgen";"Luettgen";"Neil.Luettgen44@hotmail.com";"+506 1469 1896"
"1327438843";"Jody";"Feeney";"Feeney";"Jody78@yahoo.com";"+506 6231 8102"
"3046019581";"Anita";"Schumm";"Schumm";"Anita.Schumm@hotmail.com";"+506 2680 6722"
"0588400315";"Sonia";"Hodkiewicz";"Hodkiewicz";"Sonia27@gmail.com";"+506 7314 4577"
"2976031795";"Pat";"Gibson";"Gibson";"Pat_Gibson12@hotmail.com";"+506 9609 3160"
"2613608804";"Kristi";"Stracke";"Stracke";"Kristi_Stracke18@hotmail.com";"+506 2947 6732"
"0619195753";"Rose";"Smith";"Smith";"Rose_Smith25@hotmail.com";"+506 8985 3936"
"6158395181";"Maggie";"Rogahn-Ankunding";"Rogahn-Ankunding";"Maggie_Rogahn-Ankunding@gmail.com";"+506 2026 2570"
"3405536212";"Gustavo";"Larson";"Larson";"Gustavo59@yahoo.com";"+506 8359 9102"
"2957754596";"Stacey";"Romaguera";"Romaguera";"Stacey.Romaguera@yahoo.com";"+506 3731 1939"
"8720749522";"Charlotte";"Bogan";"Bogan";"Charlotte21@gmail.com";"+506 7754 3472"
"8975964581";"Ervin";"Kemmer";"Kemmer";"Ervin84@yahoo.com";"+506 0125 1865"
"2826401108";"Melinda";"Von";"Von";"Melinda25@gmail.com";"+506 8642 2266"
"6582198624";"Leigh";"Toy";"Toy";"Leigh_Toy@hotmail.com";"+506 1077 2490"
"0140561183";"Charlotte";"King";"King";"Charlotte.King4@yahoo.com";"+506 4126 7898"
"2607968888";"Rickey";"Lueilwitz";"Lueilwitz";"Rickey60@gmail.com";"+506 4057 0212"
"9913727238";"Mack";"Breitenberg";"Breitenberg";"Mack.Breitenberg52@gmail.com";"+506 0567 0501"
"0553948265";"Erika";"Bashirian";"Bashirian";"Erika31@gmail.com";"+506 6574 1938"
"1475513000";"Jennie";"Krajcik";"Krajcik";"Jennie84@hotmail.com";"+506 8910 6289"
"8965357438";"Leona";"Nader";"Nader";"Leona.Nader@yahoo.com";"+506 9965 8086"
"9718080899";"Irma";"Maggio";"Maggio";"Irma_Maggio33@gmail.com";"+506 1986 6868"
"8567576686";"Marcus";"Sawayn";"Sawayn";"Marcus.Sawayn31@hotmail.com";"+506 7854 4217"
"1922501476";"Cathy";"Kohler";"Kohler";"Cathy.Kohler73@gmail.com";"+506 8649 8633"
"3987294290";"Constance";"Jast";"Jast";"Constance_Jast@gmail.com";"+506 8309 9123"
"9462193604";"Jody";"Lakin";"Lakin";"Jody_Lakin75@yahoo.com";"+506 9401 8216"
"7866412382";"Irving";"Towne";"Towne";"Irving.Towne41@hotmail.com";"+506 9460 7906"
"9912179950";"Molly";"Dickinson";"Dickinson";"Molly.Dickinson88@gmail.com";"+506 3483 9005"
"0918043840";"Sidney";"Heaney";"Heaney";"Sidney.Heaney@yahoo.com";"+506 9281 2388"
"6689825211";"Ellis";"O'Kon";"O'Kon";"Ellis_OKon@yahoo.com";"+506 3933 5225"
"9025576388";"Teresa";"Hayes";"Hayes";"Teresa80@gmail.com";"+506 5305 2020"
"5698228956";"Hannah";"Bruen-Armstrong";"Bruen-Armstrong";"Hannah.Bruen-Armstrong@hotmail.com";"+506 9960 6691"
"8539372474";"Janet";"Russel";"Russel";"Janet.Russel@gmail.com";"+506 4091 7578"
"2803239372";"Kellie";"Kohler";"Kohler";"Kellie.Kohler3@gmail.com";"+506 7906 3591"
"6768769729";"Owen";"Mayer";"Mayer";"Owen.Mayer@gmail.com";"+506 0366 6316"
"3302960768";"Rachael";"Abernathy";"Abernathy";"Rachael40@yahoo.com";"+506 1855 4427"
"4506037198";"Evan";"Hermiston";"Hermiston";"Evan.Hermiston47@hotmail.com";"+506 0458 5912"
"0252713322";"Doug";"Robel";"Robel";"Doug.Robel49@hotmail.com";"+506 9134 4318"
"2182922313";"Charlotte";"Berge";"Berge";"Charlotte75@gmail.com";"+506 4438 1832"
"4160359693";"Dennis";"Hettinger";"Hettinger";"Dennis87@yahoo.com";"+506 6541 1897"
"1813157428";"Myrtle";"Spinka-Moen";"Spinka-Moen";"Myrtle50@gmail.com";"+506 3617 0134"
"5815645839";"Colleen";"Stoltenberg";"Stoltenberg";"Colleen_Stoltenberg@yahoo.com";"+506 3192 1900"
"6407136531";"Freda";"Shields";"Shields";"Freda_Shields@yahoo.com";"+506 2510 6247"
"6787302683";"Stephen";"Krajcik";"Krajcik";"Stephen.Krajcik@gmail.com";"+506 6239 6153"
"5732878862";"Sammy";"Farrell";"Farrell";"Sammy_Farrell@yahoo.com";"+506 3071 5470"
"7352290998";"Julio";"Rath";"Rath";"Julio83@gmail.com";"+506 4452 3828"
"4182626726";"Margarita";"Durgan";"Durgan";"Margarita.Durgan77@hotmail.com";"+506 0341 6881"
"7514604769";"Aubrey";"Schmidt";"Schmidt";"Aubrey_Schmidt99@gmail.com";"+506 3231 0302"
"7677424554";"Harry";"Hansen";"Hansen";"Harry.Hansen54@gmail.com";"+506 0205 0342"
"0648989475";"Edna";"Von";"Von";"Edna.Von31@yahoo.com";"+506 3593 9237"
"7856213217";"Regina";"Sawayn";"Sawayn";"Regina_Sawayn@hotmail.com";"+506 3489 1221"
"2386943828";"Tim";"Stark";"Stark";"Tim99@hotmail.com";"+506 5807 0467"
"6159152709";"Erik";"Wyman";"Wyman";"Erik_Wyman91@hotmail.com";"+506 2066 0201"
"0179733538";"Donnie";"Crona";"Crona";"Donnie.Crona@hotmail.com";"+506 9878 0946"
"8663002655";"Kerry";"Bartell";"Bartell";"Kerry.Bartell@gmail.com";"+506 6551 5893"
"8251753524";"Joanne";"Bogan";"Bogan";"Joanne63@hotmail.com";"+506 2366 3247"
"5206170042";"Marcella";"Schaefer";"Schaefer";"Marcella.Schaefer@yahoo.com";"+506 0798 1187"
"7380219614";"Rene";"Fisher";"Fisher";"Rene13@yahoo.com";"+506 7768 5747"
"6690879903";"Mercedes";"Kling";"Kling";"Mercedes97@hotmail.com";"+506 4328 7596"
"8784921465";"Andrew";"Osinski";"Osinski";"Andrew80@yahoo.com";"+506 5117 2940"
"6355360661";"Dianne";"Schmeler";"Schmeler";"Dianne.Schmeler46@yahoo.com";"+506 2952 7904"
"5869334120";"Leland";"Hyatt-Cremin";"Hyatt-Cremin";"Leland29@yahoo.com";"+506 5767 2184"
"9553792927";"Mack";"Mann";"Mann";"Mack95@gmail.com";"+506 7740 1214"
"3797879204";"Earl";"Kuhn";"Kuhn";"Earl82@gmail.com";"+506 5198 1042"
"1783362391";"Marshall";"Dooley";"Dooley";"Marshall.Dooley@gmail.com";"+506 8473 8873"
"7651921994";"Laverne";"Bruen";"Bruen";"Laverne.Bruen8@hotmail.com";"+506 9130 2805"
"7659055660";"Edgar";"O'Conner";"O'Conner";"Edgar.OConner12@hotmail.com";"+506 9683 6252"
"6823260997";"Lucas";"Block";"Block";"Lucas62@gmail.com";"+506 5677 3522"
"0936347528";"Gilberto";"Homenick";"Homenick";"Gilberto_Homenick60@gmail.com";"+506 2266 2567"
"5399495740";"Lana";"Lueilwitz";"Lueilwitz";"Lana_Lueilwitz53@gmail.com";"+506 6630 0719"
"2098416825";"Jody";"Wolf";"Wolf";"Jody_Wolf46@gmail.com";"+506 3850 4725"
"0482067526";"Mary";"Pfannerstill";"Pfannerstill";"Mary.Pfannerstill14@yahoo.com";"+506 6742 2664"
"2237506565";"Austin";"Stokes";"Stokes";"Austin41@yahoo.com";"+506 5882 5726"
"7684337923";"Miguel";"Haag";"Haag";"Miguel78@hotmail.com";"+506 1630 5357"
"9217626487";"Dewey";"Wisozk";"Wisozk";"Dewey_Wisozk@yahoo.com";"+506 3712 5058"
"8591070519";"Freddie";"Kautzer";"Kautzer";"Freddie_Kautzer0@hotmail.com";"+506 1007 0853"
"0262118515";"Stacy";"Schaden";"Schaden";"Stacy.Schaden@yahoo.com";"+506 7441 3762"
"7845739365";"Everett";"Johnston";"Johnston";"Everett18@hotmail.com";"+506 6023 5587"
"4553132011";"Elias";"Rodriguez";"Rodriguez";"Elias.Rodriguez90@yahoo.com";"+506 1217 9046"
"4203520884";"Melba";"Jerde";"Jerde";"Melba_Jerde93@yahoo.com";"+506 7809 2108"
"3147751266";"Julio";"Koelpin";"Koelpin";"Julio66@gmail.com";"+506 3704 1584"
"8861391649";"Lynette";"Osinski";"Osinski";"Lynette.Osinski62@yahoo.com";"+506 2106 1023"
"3466364909";"Grady";"O'Connell";"O'Connell";"Grady_OConnell@hotmail.com";"+506 8238 0456"
"1597193046";"Craig";"Collier";"Collier";"Craig57@yahoo.com";"+506 7764 6812"
"2149622853";"Stewart";"Ward";"Ward";"Stewart.Ward50@gmail.com";"+506 4427 1577"
"4725007747";"Marcella";"Thiel";"Thiel";"Marcella56@gmail.com";"+506 8625 5390"
"0355269870";"Ricardo";"Fadel";"Fadel";"Ricardo_Fadel@hotmail.com";"+506 5971 0090"
"3440831460";"Al";"Sawayn";"Sawayn";"Al_Sawayn@hotmail.com";"+506 0086 7075"
"5302039184";"Moses";"Tillman";"Tillman";"Moses_Tillman31@gmail.com";"+506 8042 3265"
"1164502520";"Emma";"Marvin";"Marvin";"Emma_Marvin10@gmail.com";"+506 7947 4406"
"8060487774";"Leticia";"Crona";"Crona";"Leticia.Crona27@yahoo.com";"+506 6997 9111"
"3283949101";"Kimberly";"Cummerata";"Cummerata";"Kimberly_Cummerata@yahoo.com";"+506 0441 8030"
"2810292885";"Calvin";"O'Hara-Hermann";"O'Hara-Hermann";"Calvin_OHara-Hermann@yahoo.com";"+506 6279 1995"
"1630194973";"Isaac";"Legros";"Legros";"Isaac7@hotmail.com";"+506 5410 8974"
"8969773170";"Melinda";"Ankunding";"Ankunding";"Melinda.Ankunding@hotmail.com";"+506 3982 8805"
"1745677176";"Nathaniel";"Wuckert";"Wuckert";"Nathaniel_Wuckert49@hotmail.com";"+506 5745 6357"
"3108973118";"Sadie";"Emmerich";"Emmerich";"Sadie18@yahoo.com";"+506 0130 7112"
"3723645436";"Ricky";"Miller";"Miller";"Ricky.Miller@hotmail.com";"+506 9979 3408"
"9900498126";"Max";"Murphy";"Murphy";"Max.Murphy@hotmail.com";"+506 5004 5431"
"2829339233";"Tyrone";"Denesik";"Denesik";"Tyrone.Denesik30@yahoo.com";"+506 0779 7105"
"9356936483";"Janet";"Nienow";"Nienow";"Janet_Nienow68@yahoo.com";"+506 1133 4065"
"0167563891";"Earl";"Corwin-Pacocha";"Corwin-Pacocha";"Earl.Corwin-Pacocha@hotmail.com";"+506 0094 9735"
"4473460094";"Harriet";"Monahan";"Monahan";"Harriet_Monahan@yahoo.com";"+506 7617 9127"
"4616633215";"Heidi";"Cremin";"Cremin";"Heidi38@hotmail.com";"+506 0505 2920"
"0269618571";"Helen";"Krajcik";"Krajcik";"Helen_Krajcik@gmail.com";"+506 0234 5211"
"9873124416";"Randolph";"Lindgren";"Lindgren";"Randolph48@hotmail.com";"+506 9843 5140"
"4421465396";"James";"Purdy";"Purdy";"James_Purdy@yahoo.com";"+506 1013 9733"
"3699909647";"Wendell";"D'Amore";"D'Amore";"Wendell_DAmore78@yahoo.com";"+506 4128 2269"
"9337383427";"Christie";"Tromp";"Tromp";"Christie74@yahoo.com";"+506 8677 1860"
"4516704989";"Gilbert";"Wolf";"Wolf";"Gilbert13@yahoo.com";"+506 1742 1491"
"1253740477";"Oscar";"Denesik";"Denesik";"Oscar_Denesik@hotmail.com";"+506 9982 5553"
"3811135579";"Aaron";"Beahan";"Beahan";"Aaron.Beahan@hotmail.com";"+506 1411 0786"
"9228136358";"Phil";"Rippin";"Rippin";"Phil9@gmail.com";"+506 0986 8203"
"8306784589";"Jacquelyn";"Bernhard";"Bernhard";"Jacquelyn57@hotmail.com";"+506 2050 0012"
"9915247873";"Billie";"Harber";"Harber";"Billie.Harber93@gmail.com";"+506 7373 6510"
"4461159240";"Dolores";"Schinner";"Schinner";"Dolores.Schinner81@yahoo.com";"+506 0685 0224"
"9390203434";"Arlene";"Lehner";"Lehner";"Arlene_Lehner31@gmail.com";"+506 5063 7251"
"1585803094";"Ada";"Johns";"Johns";"Ada.Johns@hotmail.com";"+506 0116 8600"
"8708709120";"Devin";"Crona";"Crona";"Devin.Crona53@gmail.com";"+506 2207 2067"
"4983595267";"Bert";"McClure";"McClure";"Bert77@hotmail.com";"+506 7268 9565"
"8760575335";"Wallace";"Cummings";"Cummings";"Wallace.Cummings@yahoo.com";"+506 6446 4114"
"9881677463";"Sandy";"Ernser";"Ernser";"Sandy.Ernser52@hotmail.com";"+506 1941 9685"
"1640660820";"Sidney";"Hegmann";"Hegmann";"Sidney.Hegmann@hotmail.com";"+506 5527 3099"
"8374352670";"Duane";"Weissnat";"Weissnat";"Duane_Weissnat@hotmail.com";"+506 1222 0214"
"8373569605";"Daisy";"Dicki";"Dicki";"Daisy10@hotmail.com";"+506 3339 7921"
"5523072005";"Herman";"Buckridge";"Buckridge";"Herman45@gmail.com";"+506 8129 1499"
"6440959409";"Charlene";"Williamson";"Williamson";"Charlene_Williamson@yahoo.com";"+506 1708 5118"
"4917640839";"Rodney";"Baumbach";"Baumbach";"Rodney42@yahoo.com";"+506 3020 7458"
"8345042165";"Salvador";"Buckridge";"Buckridge";"Salvador_Buckridge@yahoo.com";"+506 8513 1993"
"5785669031";"Flora";"Smitham";"Smitham";"Flora_Smitham@yahoo.com";"+506 1891 4462"
"3100706704";"Jesse";"Leuschke";"Leuschke";"Jesse4@gmail.com";"+506 9007 1495"
"4621076416";"Josephine";"McClure-Grant";"McClure-Grant";"Josephine4@yahoo.com";"+506 9690 7965"
"1840133172";"Lena";"Streich";"Streich";"Lena.Streich@gmail.com";"+506 3221 9502"
"3713495920";"Dorothy";"Robel";"Robel";"Dorothy38@yahoo.com";"+506 4977 8396"
"5842162304";"Roosevelt";"Buckridge";"Buckridge";"Roosevelt_Buckridge48@gmail.com";"+506 0716 3392"
"1651611827";"Nicole";"Bradtke";"Bradtke";"Nicole_Bradtke34@gmail.com";"+506 0367 2829"
"2931505892";"Audrey";"Schuppe";"Schuppe";"Audrey.Schuppe55@gmail.com";"+506 8289 2954"
"1364076550";"Eddie";"Hammes";"Hammes";"Eddie_Hammes@hotmail.com";"+506 9320 6529"
"7756400168";"Lucille";"Gulgowski";"Gulgowski";"Lucille.Gulgowski31@hotmail.com";"+506 0045 4470"
"2087005074";"Al";"O'Kon";"O'Kon";"Al77@yahoo.com";"+506 1463 0179"
"7649266905";"Myron";"Hayes";"Hayes";"Myron.Hayes@gmail.com";"+506 4199 2153"
"4223233172";"Loren";"Mayer";"Mayer";"Loren_Mayer75@yahoo.com";"+506 1283 0501"
"7405744823";"Nancy";"Kshlerin";"Kshlerin";"Nancy.Kshlerin91@hotmail.com";"+506 6055 0269"
"8796498681";"Geraldine";"Schaefer";"Schaefer";"Geraldine21@gmail.com";"+506 4050 4515"
"8848421512";"Julie";"Heidenreich-Boyer";"Heidenreich-Boyer";"Julie48@gmail.com";"+506 9247 3571"
"6283165921";"Ellis";"Davis";"Davis";"Ellis52@hotmail.com";"+506 2726 6987"
"3818813532";"Celia";"Huel";"Huel";"Celia_Huel56@yahoo.com";"+506 9568 5504"
"4593906186";"Desiree";"Hagenes";"Hagenes";"Desiree_Hagenes16@gmail.com";"+506 1836 2907"
"9089166476";"Tammy";"Funk";"Funk";"Tammy_Funk48@hotmail.com";"+506 8189 1062"
"1660578196";"Rufus";"Jones";"Jones";"Rufus65@hotmail.com";"+506 9672 9156"
"7346214281";"Emma";"Nicolas-Williamson";"Nicolas-Williamson";"Emma.Nicolas-Williamson@yahoo.com";"+506 9947 4660"
"6395809567";"Margie";"Veum";"Veum";"Margie15@hotmail.com";"+506 8057 2770"
"3657920341";"Deborah";"Rau";"Rau";"Deborah.Rau51@gmail.com";"+506 7360 7038"
"7342348464";"Whitney";"Kassulke";"Kassulke";"Whitney_Kassulke@gmail.com";"+506 0119 4988"
"0837874907";"Wilma";"Lesch";"Lesch";"Wilma58@hotmail.com";"+506 8858 5195"
"3804574465";"Vickie";"Jakubowski";"Jakubowski";"Vickie_Jakubowski46@gmail.com";"+506 6303 6912"
"7041450564";"Robin";"Koelpin";"Koelpin";"Robin57@gmail.com";"+506 1746 2803"
"3388389992";"Pamela";"Braun";"Braun";"Pamela_Braun@hotmail.com";"+506 4549 5310"
"6519727969";"Brent";"Padberg";"Padberg";"Brent22@yahoo.com";"+506 1212 3665"
"9558600623";"Carol";"Senger";"Senger";"Carol93@hotmail.com";"+506 4907 2276"
"8956228771";"Cory";"Wintheiser";"Wintheiser";"Cory16@yahoo.com";"+506 5613 9547"
"6075183067";"Kristen";"Conroy";"Conroy";"Kristen88@gmail.com";"+506 8303 3009"
"3956429292";"Terrell";"Stamm";"Stamm";"Terrell_Stamm@gmail.com";"+506 7591 7335"
"4113746791";"Joy";"Brekke-Rippin";"Brekke-Rippin";"Joy55@gmail.com";"+506 7661 1202"
"7602935788";"Darren";"Grimes";"Grimes";"Darren_Grimes@hotmail.com";"+506 5888 7145"
"9952298921";"Rudolph";"Lowe";"Lowe";"Rudolph25@hotmail.com";"+506 0325 5839"
"2438941987";"Kurt";"Funk";"Funk";"Kurt_Funk26@yahoo.com";"+506 3154 1258"
"9534590991";"Elias";"Reinger";"Reinger";"Elias_Reinger82@hotmail.com";"+506 1960 0898"
"0545240582";"Robert";"Grimes";"Grimes";"Robert_Grimes@gmail.com";"+506 7299 4158"
"4914810568";"Viola";"Heller";"Heller";"Viola.Heller37@gmail.com";"+506 1548 2620"
"9326313763";"Walter";"Wisozk";"Wisozk";"Walter.Wisozk12@gmail.com";"+506 1125 6802"
"4189928320";"Dan";"Bogisich";"Bogisich";"Dan83@gmail.com";"+506 2627 8200"
"4461527981";"Helen";"Watsica";"Watsica";"Helen52@yahoo.com";"+506 4660 3374"
"1088347107";"Luis";"Heidenreich";"Heidenreich";"Luis.Heidenreich@hotmail.com";"+506 0091 0535"
"5092648503";"Hubert";"Bernhard";"Bernhard";"Hubert_Bernhard@gmail.com";"+506 4555 1672"
"7495073072";"Darlene";"Murazik";"Murazik";"Darlene28@gmail.com";"+506 1480 0953"
"8801982860";"Lois";"Beier";"Beier";"Lois41@yahoo.com";"+506 2634 4687"
"5460687803";"Charlie";"Reinger";"Reinger";"Charlie97@hotmail.com";"+506 5503 6764"
"4128124781";"Winifred";"Abbott";"Abbott";"Winifred_Abbott76@gmail.com";"+506 4068 1796"
"0695067099";"Gwen";"Erdman";"Erdman";"Gwen79@gmail.com";"+506 2823 4993"
"9102862048";"Alma";"Weimann";"Weimann";"Alma.Weimann64@yahoo.com";"+506 6718 3175"
"8263685461";"Rick";"Raynor";"Raynor";"Rick.Raynor@hotmail.com";"+506 7549 2310"
"1536658738";"Beatrice";"Douglas";"Douglas";"Beatrice.Douglas19@hotmail.com";"+506 0152 0154"
"0423381631";"Eddie";"Senger";"Senger";"Eddie86@gmail.com";"+506 9524 2534"
"8376456273";"Seth";"Smith";"Smith";"Seth54@yahoo.com";"+506 2330 5907"
"2865110949";"Simon";"Erdman";"Erdman";"Simon49@yahoo.com";"+506 7361 3805"
"7578132044";"Jeannette";"Effertz";"Effertz";"Jeannette52@hotmail.com";"+506 1317 0705"
"8847920175";"Nathaniel";"Huel";"Huel";"Nathaniel68@gmail.com";"+506 6202 0429"
"5528692455";"Krystal";"Schuppe";"Schuppe";"Krystal_Schuppe@hotmail.com";"+506 7277 9175"
"9465224213";"Archie";"Sawayn";"Sawayn";"Archie_Sawayn44@yahoo.com";"+506 5435 9616"
"1316891666";"Leon";"Altenwerth";"Altenwerth";"Leon.Altenwerth34@gmail.com";"+506 2979 4273"
"8310454012";"Megan";"Marquardt";"Marquardt";"Megan_Marquardt@gmail.com";"+506 8872 8274"
"6804945581";"Kelly";"Gorczany";"Gorczany";"Kelly52@hotmail.com";"+506 7008 7529"
"7100769715";"Billy";"Cronin";"Cronin";"Billy88@yahoo.com";"+506 6414 0405"
"8782297665";"Norma";"Raynor";"Raynor";"Norma.Raynor@hotmail.com";"+506 3387 1266"
"8613642124";"Nelson";"Lubowitz";"Lubowitz";"Nelson26@yahoo.com";"+506 1375 6550"
"3585113010";"Natasha";"Crooks";"Crooks";"Natasha_Crooks@gmail.com";"+506 6924 5327"
"5093333907";"Sheri";"Gerlach";"Gerlach";"Sheri.Gerlach@yahoo.com";"+506 8284 7793"
"2841179575";"Allison";"Barton";"Barton";"Allison_Barton94@hotmail.com";"+506 1816 1670"
"2867722532";"Vanessa";"Kemmer";"Kemmer";"Vanessa.Kemmer@yahoo.com";"+506 4717 9085"
"8054512286";"Carol";"Ryan";"Ryan";"Carol.Ryan30@yahoo.com";"+506 6934 1750"
"5686290917";"Johnny";"Orn";"Orn";"Johnny_Orn@gmail.com";"+506 8457 0931"
"1109710217";"Willis";"Terry";"Terry";"Willis82@hotmail.com";"+506 6612 2802"
"4320545962";"Eleanor";"Goyette";"Goyette";"Eleanor55@hotmail.com";"+506 5178 2822"
"8951132503";"Juanita";"Senger";"Senger";"Juanita_Senger56@gmail.com";"+506 0390 2238"
"7764696451";"Cristina";"Wisoky";"Wisoky";"Cristina1@gmail.com";"+506 2627 5749"
"8451611540";"Ramiro";"Collier";"Collier";"Ramiro.Collier67@hotmail.com";"+506 6378 6411"
"1322702687";"Sabrina";"Rempel";"Rempel";"Sabrina_Rempel@gmail.com";"+506 1442 5836"
"5744046167";"Edmond";"Durgan";"Durgan";"Edmond_Durgan@hotmail.com";"+506 3999 5943"
"8981318219";"Katherine";"Rohan";"Rohan";"Katherine.Rohan15@hotmail.com";"+506 9008 8905"
"0815550739";"Ernest";"Jacobson";"Jacobson";"Ernest.Jacobson62@gmail.com";"+506 8548 3939"
"0303722771";"Marvin";"Walter";"Walter";"Marvin.Walter42@gmail.com";"+506 1001 7836"
"4766143514";"Pearl";"Davis";"Davis";"Pearl.Davis93@gmail.com";"+506 1802 4633"
"3653350806";"Colin";"Abshire";"Abshire";"Colin_Abshire@yahoo.com";"+506 8808 9623"
"2734060693";"Alicia";"Schuster";"Schuster";"Alicia_Schuster88@hotmail.com";"+506 6712 7865"
"7357860302";"Clinton";"Lindgren";"Lindgren";"Clinton.Lindgren@hotmail.com";"+506 1794 4000"
"2616217057";"Elbert";"Pouros";"Pouros";"Elbert.Pouros@yahoo.com";"+506 8340 4928"
"5493245235";"Marsha";"Weimann";"Weimann";"Marsha95@gmail.com";"+506 3582 0744"
"2579882668";"Melvin";"Wisozk";"Wisozk";"Melvin50@gmail.com";"+506 7803 7860"
"6620777691";"Eugene";"Bode";"Bode";"Eugene99@hotmail.com";"+506 9796 5735"
"9937340490";"Charlene";"Parker";"Parker";"Charlene.Parker@hotmail.com";"+506 6470 7557"
"4423131605";"Darryl";"Nicolas";"Nicolas";"Darryl.Nicolas@yahoo.com";"+506 3795 2085"
"0464955154";"Alton";"Kuhlman";"Kuhlman";"Alton_Kuhlman@gmail.com";"+506 3292 4956"
"5832310093";"Doyle";"Mayert";"Mayert";"Doyle_Mayert@yahoo.com";"+506 2095 3850"
"7880272385";"Derek";"Murazik";"Murazik";"Derek.Murazik@gmail.com";"+506 8417 0027"
"0642891087";"Desiree";"Pagac";"Pagac";"Desiree11@hotmail.com";"+506 7389 8492"
"5858260934";"Lee";"Kub";"Kub";"Lee61@hotmail.com";"+506 3297 5440"
"7421172052";"Marcia";"Huel";"Huel";"Marcia.Huel@gmail.com";"+506 7448 2453"
"6024473171";"Opal";"Williamson";"Williamson";"Opal.Williamson@yahoo.com";"+506 3994 6512"
"8266261075";"Darren";"Prohaska";"Prohaska";"Darren_Prohaska80@yahoo.com";"+506 0124 7200"
"2451117057";"Christie";"Durgan";"Durgan";"Christie_Durgan69@hotmail.com";"+506 8154 4273"
"0978520384";"Clint";"Wehner";"Wehner";"Clint_Wehner@gmail.com";"+506 1322 1535"
"2068240976";"Jean";"Cartwright";"Cartwright";"Jean_Cartwright@hotmail.com";"+506 9544 9754"
"9337334035";"Herman";"Wiza";"Wiza";"Herman.Wiza@hotmail.com";"+506 0473 5004"
"3894436365";"Terri";"Bartell";"Bartell";"Terri99@yahoo.com";"+506 3729 3496"
"0850172315";"Rodney";"Blanda";"Blanda";"Rodney82@gmail.com";"+506 6906 0081"
"2653038590";"Theodore";"Stroman";"Stroman";"Theodore.Stroman@gmail.com";"+506 8720 0095"
"4443484742";"Trevor";"Kuhic";"Kuhic";"Trevor59@yahoo.com";"+506 4461 2175"
"3284347391";"Kristie";"Stanton";"Stanton";"Kristie.Stanton@hotmail.com";"+506 5685 3428"
"3597884324";"Mitchell";"Franecki";"Franecki";"Mitchell19@hotmail.com";"+506 7239 6961"
"0037377433";"Jeremy";"Boehm";"Boehm";"Jeremy.Boehm@gmail.com";"+506 2014 5182"
"3230778877";"Conrad";"Sawayn";"Sawayn";"Conrad88@yahoo.com";"+506 5650 1288"
"1768660272";"Steve";"Witting";"Witting";"Steve.Witting99@yahoo.com";"+506 6620 1404"
"1543078979";"Debbie";"Quigley";"Quigley";"Debbie.Quigley23@yahoo.com";"+506 7922 4418"
"4900799663";"Emma";"Kunze";"Kunze";"Emma.Kunze68@gmail.com";"+506 7073 1410"
"3752284446";"Beatrice";"Adams";"Adams";"Beatrice53@gmail.com";"+506 3825 7361"
"5976725718";"Roy";"Murphy";"Murphy";"Roy.Murphy@hotmail.com";"+506 6041 8516"
"8613175549";"Juanita";"Rodriguez";"Rodriguez";"Juanita.Rodriguez@hotmail.com";"+506 5656 5556"
"9420719259";"Martin";"Dicki-Koss";"Dicki-Koss";"Martin.Dicki-Koss5@yahoo.com";"+506 4528 9406"
"4784732253";"Cynthia";"Kub";"Kub";"Cynthia_Kub32@hotmail.com";"+506 0779 5967"
"5344739466";"Willis";"Bahringer";"Bahringer";"Willis_Bahringer@yahoo.com";"+506 9636 2909"
"4765644220";"Herbert";"Jones";"Jones";"Herbert_Jones17@yahoo.com";"+506 0652 7207"
"6730788167";"Daryl";"Hoppe";"Hoppe";"Daryl_Hoppe@yahoo.com";"+506 3189 9996"
"2009297206";"Rogelio";"Nader";"Nader";"Rogelio.Nader@yahoo.com";"+506 2213 2713"
"4410172534";"Kara";"Mueller";"Mueller";"Kara60@yahoo.com";"+506 4161 7734"
"3064324931";"Grady";"Breitenberg";"Breitenberg";"Grady_Breitenberg55@gmail.com";"+506 1293 2105"
"5902033946";"Janis";"Hilll";"Hilll";"Janis88@hotmail.com";"+506 8900 2874"
"0994891792";"Billy";"Champlin";"Champlin";"Billy.Champlin44@yahoo.com";"+506 1361 3634"
"5020169101";"Angela";"Mayert";"Mayert";"Angela_Mayert50@hotmail.com";"+506 3286 0229"
"7414775006";"Ada";"King";"King";"Ada44@yahoo.com";"+506 6743 8091"
"2234163123";"Bruce";"Schaefer";"Schaefer";"Bruce0@yahoo.com";"+506 1965 6252"
"0679730273";"Rex";"Kuhic";"Kuhic";"Rex.Kuhic@yahoo.com";"+506 1993 2894"
"3423527255";"Natasha";"Heaney";"Heaney";"Natasha_Heaney@gmail.com";"+506 5419 3658"
"7759058840";"Phil";"Mueller";"Mueller";"Phil72@hotmail.com";"+506 6678 1304"
"3234380301";"Cary";"Pfeffer";"Pfeffer";"Cary.Pfeffer@gmail.com";"+506 7112 1133"
"5971090971";"Sadie";"Kuvalis";"Kuvalis";"Sadie_Kuvalis61@gmail.com";"+506 0349 9230"
"1832220673";"Victoria";"Donnelly";"Donnelly";"Victoria98@hotmail.com";"+506 5426 5056"
"4151526184";"Wilbur";"Langosh";"Langosh";"Wilbur_Langosh@yahoo.com";"+506 2593 7383"
"0944415681";"Abel";"Cummings";"Cummings";"Abel62@yahoo.com";"+506 8657 0839"
"1797573490";"Shirley";"Ondricka";"Ondricka";"Shirley.Ondricka@yahoo.com";"+506 6522 8835"
"0726307749";"Kyle";"Thompson";"Thompson";"Kyle75@yahoo.com";"+506 1128 4274"
"3778455581";"Jan";"Bayer";"Bayer";"Jan_Bayer@hotmail.com";"+506 7674 0316"
"8590921055";"Lucy";"Lehner";"Lehner";"Lucy_Lehner@hotmail.com";"+506 7885 9008"
"5114830148";"Terrance";"Nikolaus";"Nikolaus";"Terrance_Nikolaus@yahoo.com";"+506 2188 1994"
"6591273318";"Dana";"Gibson";"Gibson";"Dana_Gibson48@hotmail.com";"+506 1081 9515"
"2591297038";"Tiffany";"Herzog";"Herzog";"Tiffany_Herzog@hotmail.com";"+506 4341 2390"
"4895881831";"Derek";"Schulist";"Schulist";"Derek_Schulist@yahoo.com";"+506 5950 1287"
"2870240410";"Beverly";"Cormier";"Cormier";"Beverly.Cormier@hotmail.com";"+506 5600 1121"
"9012600073";"Eugene";"Altenwerth";"Altenwerth";"Eugene_Altenwerth@hotmail.com";"+506 3345 1807"
"2038087161";"Lynn";"Metz";"Metz";"Lynn.Metz59@hotmail.com";"+506 1640 1091"
"9092402619";"Pete";"Wintheiser";"Wintheiser";"Pete38@yahoo.com";"+506 2891 2587"
"2134608267";"Faye";"Nikolaus";"Nikolaus";"Faye_Nikolaus21@hotmail.com";"+506 7185 3652"
"8663267275";"Jorge";"Raynor";"Raynor";"Jorge32@yahoo.com";"+506 3017 7669"
"6177818780";"Joey";"Gusikowski";"Gusikowski";"Joey_Gusikowski@hotmail.com";"+506 6278 0565"
"5011499254";"Kristi";"Jerde";"Jerde";"Kristi62@hotmail.com";"+506 3892 7428"
"0013321288";"Tricia";"Runolfsdottir";"Runolfsdottir";"Tricia41@hotmail.com";"+506 0149 0991"
"9878726661";"Mike";"Ullrich";"Ullrich";"Mike.Ullrich@hotmail.com";"+506 2002 9834"
"4423341736";"Hubert";"Simonis";"Simonis";"Hubert.Simonis68@yahoo.com";"+506 8308 7776"
"3256261436";"Don";"Herman";"Herman";"Don.Herman90@gmail.com";"+506 7033 8978"
"2946658477";"Preston";"Hills";"Hills";"Preston_Hills@hotmail.com";"+506 9921 1065"
"5912956859";"Ross";"Breitenberg";"Breitenberg";"Ross19@yahoo.com";"+506 5697 2874"
"2331442664";"Miranda";"Johns";"Johns";"Miranda.Johns67@hotmail.com";"+506 7388 2726"
"0886799216";"Darrin";"Ledner";"Ledner";"Darrin.Ledner1@hotmail.com";"+506 8928 6383"
"0682319161";"Krista";"O'Conner";"O'Conner";"Krista_OConner99@gmail.com";"+506 0337 4861"
"5854281179";"Delores";"Bahringer";"Bahringer";"Delores.Bahringer@yahoo.com";"+506 0077 3871"
"0604098223";"Marlon";"Lindgren";"Lindgren";"Marlon40@hotmail.com";"+506 0256 2636"
"6720428635";"Rachael";"Christiansen-Schowalter";"Christiansen-Schowalter";"Rachael_Christiansen-Schowalter9@yahoo.com";"+506 9710 8112"
"3389278760";"Valerie";"Watsica";"Watsica";"Valerie.Watsica@yahoo.com";"+506 1826 3780"
"3488788472";"Craig";"Walker";"Walker";"Craig21@yahoo.com";"+506 6801 5121"
"6455932782";"Jody";"Ledner";"Ledner";"Jody_Ledner96@yahoo.com";"+506 0405 6441"
"7617586766";"Angie";"Lynch";"Lynch";"Angie.Lynch@yahoo.com";"+506 1827 1889"
"3288738249";"Roland";"Kohler";"Kohler";"Roland.Kohler67@hotmail.com";"+506 7337 4367"
"2875299457";"Melvin";"Schumm";"Schumm";"Melvin.Schumm95@gmail.com";"+506 6621 7841"
"6858372980";"Oliver";"Daniel";"Daniel";"Oliver18@gmail.com";"+506 3507 7349"
"7892312976";"Amanda";"Wolff";"Wolff";"Amanda61@yahoo.com";"+506 2320 2143"
"9894851707";"Felipe";"Halvorson";"Halvorson";"Felipe81@yahoo.com";"+506 0143 9199"
"6661227109";"Gene";"Pfannerstill";"Pfannerstill";"Gene_Pfannerstill@gmail.com";"+506 4827 9656"
"2255465946";"Pat";"Hahn";"Hahn";"Pat_Hahn95@hotmail.com";"+506 8714 3947"
"1573321207";"Lonnie";"Rohan";"Rohan";"Lonnie_Rohan18@yahoo.com";"+506 7252 2555"
"3767474742";"Leo";"Robel";"Robel";"Leo_Robel81@hotmail.com";"+506 6091 5267"
"5410523986";"Roman";"Beahan";"Beahan";"Roman_Beahan@gmail.com";"+506 0501 7417"
"9618541827";"Guadalupe";"Hickle";"Hickle";"Guadalupe.Hickle23@gmail.com";"+506 5778 9393"
"9946208490";"Ramon";"Price";"Price";"Ramon_Price@yahoo.com";"+506 4285 8090"
"0168465158";"Delores";"Schoen";"Schoen";"Delores.Schoen66@hotmail.com";"+506 9124 5209"
"2025152026";"Lucas";"Hegmann";"Hegmann";"Lucas_Hegmann@gmail.com";"+506 3634 8232"
"8538579525";"Dexter";"Collier";"Collier";"Dexter_Collier@gmail.com";"+506 0336 9240"
"5583362880";"Rickey";"Weber";"Weber";"Rickey34@hotmail.com";"+506 0709 3624"
"9706183003";"Olga";"Lakin";"Lakin";"Olga_Lakin30@gmail.com";"+506 6341 6506"
"7792184660";"Leigh";"Morissette";"Morissette";"Leigh.Morissette99@hotmail.com";"+506 4782 9725"
"1515085842";"Sharon";"Balistreri";"Balistreri";"Sharon_Balistreri92@gmail.com";"+506 5571 1237"
"4370585505";"Nicolas";"Ratke-Effertz";"Ratke-Effertz";"Nicolas.Ratke-Effertz11@yahoo.com";"+506 7149 9634"
"3407094153";"Hubert";"Borer";"Borer";"Hubert57@hotmail.com";"+506 3403 0181"
"0200684058";"Sean";"O'Kon";"O'Kon";"Sean.OKon@hotmail.com";"+506 3708 1194"
"4483218126";"Jose";"Ullrich";"Ullrich";"Jose.Ullrich8@hotmail.com";"+506 7238 2751"
"7404357063";"Bruce";"Wilkinson";"Wilkinson";"Bruce_Wilkinson@yahoo.com";"+506 0893 9084"
"9833119648";"Rita";"Davis";"Davis";"Rita65@gmail.com";"+506 3533 2980"
"4842379103";"Ralph";"Collins";"Collins";"Ralph.Collins@gmail.com";"+506 8086 9070"
"0681231381";"Morris";"Russel";"Russel";"Morris.Russel@gmail.com";"+506 2642 7988"
"0882692892";"Vicky";"Hagenes";"Hagenes";"Vicky_Hagenes@hotmail.com";"+506 7969 6465"
"2515481482";"Ted";"Collins";"Collins";"Ted.Collins36@yahoo.com";"+506 4094 3487"
"3949695876";"Muriel";"Farrell";"Farrell";"Muriel_Farrell@yahoo.com";"+506 8496 4706"
"9617090711";"Anthony";"Deckow";"Deckow";"Anthony56@yahoo.com";"+506 7706 7768"
"2252136189";"Manuel";"Hessel";"Hessel";"Manuel39@yahoo.com";"+506 2931 9487"
"1415409365";"Meghan";"Wyman";"Wyman";"Meghan34@gmail.com";"+506 8323 2837"
"3592241472";"Jackie";"Connelly";"Connelly";"Jackie.Connelly90@hotmail.com";"+506 7130 1951"
"2244480243";"Patty";"Bartell";"Bartell";"Patty58@yahoo.com";"+506 1189 1579"
"9971007642";"Leona";"Rolfson";"Rolfson";"Leona_Rolfson@yahoo.com";"+506 4222 7145"
"0953537671";"Arthur";"Block";"Block";"Arthur_Block@yahoo.com";"+506 1276 1276"
"1891815560";"Corey";"Hahn";"Hahn";"Corey.Hahn10@yahoo.com";"+506 3056 2602"
"4474091897";"Robert";"Kozey";"Kozey";"Robert40@hotmail.com";"+506 4224 5297"
"8015887306";"Peggy";"Weissnat";"Weissnat";"Peggy_Weissnat64@hotmail.com";"+506 9083 5852"
"7693722763";"Pam";"Smitham";"Smitham";"Pam24@hotmail.com";"+506 0696 6320"
"7956241178";"Katherine";"Bode";"Bode";"Katherine.Bode@gmail.com";"+506 8991 7189"
"6303129074";"Anita";"Bernier";"Bernier";"Anita26@yahoo.com";"+506 1221 5821"
"7274229657";"Eloise";"Hilll";"Hilll";"Eloise_Hilll@gmail.com";"+506 4370 0635"
"6289184553";"Shannon";"Rohan";"Rohan";"Shannon1@hotmail.com";"+506 5915 7719"
"4781914203";"Megan";"Grady";"Grady";"Megan.Grady79@yahoo.com";"+506 3896 2971"
"2341453274";"Moses";"Armstrong";"Armstrong";"Moses_Armstrong39@hotmail.com";"+506 9182 7092"
"2586121806";"Katherine";"Kuhlman";"Kuhlman";"Katherine_Kuhlman17@yahoo.com";"+506 9501 0094"
"0131089500";"Jimmie";"Kemmer";"Kemmer";"Jimmie_Kemmer74@hotmail.com";"+506 1242 9588"
"9652579373";"Bernard";"Torphy";"Torphy";"Bernard_Torphy@hotmail.com";"+506 6558 8900"
"4004626306";"Janie";"Hackett";"Hackett";"Janie.Hackett42@yahoo.com";"+506 9289 7646"
"8314333094";"Joel";"Baumbach";"Baumbach";"Joel.Baumbach@hotmail.com";"+506 5710 2104"
"4399657241";"Martin";"Hirthe";"Hirthe";"Martin41@yahoo.com";"+506 6691 0895"
"6727791666";"Donna";"Ferry";"Ferry";"Donna17@hotmail.com";"+506 3670 4798"
"8207409091";"Bennie";"Kemmer";"Kemmer";"Bennie20@gmail.com";"+506 3265 6744"
"6714125895";"Agnes";"Homenick-Conn";"Homenick-Conn";"Agnes_Homenick-Conn52@yahoo.com";"+506 2374 3573"
"3357715886";"Candice";"Roberts";"Roberts";"Candice.Roberts@hotmail.com";"+506 8119 2113"
"0544224403";"Melody";"Fadel-Hyatt";"Fadel-Hyatt";"Melody.Fadel-Hyatt15@yahoo.com";"+506 4584 6103"
"3708673938";"Al";"Donnelly";"Donnelly";"Al10@hotmail.com";"+506 7254 4442"
"2523909897";"Sylvia";"Stamm";"Stamm";"Sylvia41@hotmail.com";"+506 4977 9624"
"0306735818";"Wilson";"Ruecker";"Ruecker";"Wilson95@yahoo.com";"+506 2302 0586"
"5496171702";"Charlie";"Kuhlman";"Kuhlman";"Charlie.Kuhlman97@yahoo.com";"+506 5898 2570"
"2081771249";"Laurence";"Wyman";"Wyman";"Laurence_Wyman@yahoo.com";"+506 3617 3247"
"8298001185";"Evelyn";"Ernser";"Ernser";"Evelyn.Ernser@hotmail.com";"+506 9102 4766"
"6683511522";"Nadine";"Carter";"Carter";"Nadine_Carter93@hotmail.com";"+506 6843 0808"
"1505763947";"Johnny";"O'Connell";"O'Connell";"Johnny74@yahoo.com";"+506 1552 6037"
"9037837954";"Bradley";"Trantow";"Trantow";"Bradley_Trantow@gmail.com";"+506 7025 9777"
"8931519261";"Frankie";"Langosh";"Langosh";"Frankie27@yahoo.com";"+506 5191 6587"
"0688441827";"Betsy";"Franey";"Franey";"Betsy.Franey@gmail.com";"+506 3293 1022"
"8185868259";"Tanya";"Gerhold";"Gerhold";"Tanya94@yahoo.com";"+506 3599 6755"
"6393707360";"Jason";"Hartmann";"Hartmann";"Jason_Hartmann@gmail.com";"+506 5798 1706"
"0039621129";"Gladys";"Bins";"Bins";"Gladys.Bins76@yahoo.com";"+506 1544 6246"
"6112961587";"Laverne";"Bradtke";"Bradtke";"Laverne97@yahoo.com";"+506 0463 6815"
"7495216342";"Brenda";"Stracke";"Stracke";"Brenda89@yahoo.com";"+506 8987 1542"
"0853353373";"Kristie";"Monahan";"Monahan";"Kristie75@hotmail.com";"+506 8854 6142"
"9140878729";"Brandi";"Wolff";"Wolff";"Brandi4@gmail.com";"+506 5310 1370"
"4863556191";"Janie";"Vandervort-Donnelly";"Vandervort-Donnelly";"Janie.Vandervort-Donnelly30@gmail.com";"+506 1259 0405"
"2128647090";"Taylor";"O'Conner";"O'Conner";"Taylor_OConner41@hotmail.com";"+506 9167 6521"
"7745474077";"Lonnie";"Schaden";"Schaden";"Lonnie2@hotmail.com";"+506 8735 3189"
"7213989002";"Sara";"Mosciski";"Mosciski";"Sara43@gmail.com";"+506 2165 0323"
"2748469806";"Pauline";"Jakubowski";"Jakubowski";"Pauline_Jakubowski@yahoo.com";"+506 8190 1440"
"1794845039";"Jasmine";"Grady";"Grady";"Jasmine_Grady@yahoo.com";"+506 9181 6432"
"7918684373";"Joyce";"Lubowitz-Leffler";"Lubowitz-Leffler";"Joyce94@hotmail.com";"+506 9410 8129"
"3294896125";"Rosemarie";"Kuvalis";"Kuvalis";"Rosemarie93@yahoo.com";"+506 4258 4504"
"7610558916";"Paula";"Reichert";"Reichert";"Paula.Reichert19@yahoo.com";"+506 7787 9388"
"6536614778";"Conrad";"Balistreri";"Balistreri";"Conrad.Balistreri28@hotmail.com";"+506 4149 3055"